zone,delivery_day,passive_da_buy_value,passive_da_sell_value,extractable_value,adverse_value,trailing_bias_value,ptu,ptu_with_action,pass,calc_iteration,knownby_ts,schema_version,methodology_version,source_file
NL,2026-09-17,-867.4575,274.4725,659.6150,-1252.6000,,96,0,as-known,1,2026-09-18T14:00:59Z,5,2,nl/2026/09/score_NL_2026-09-17_20260918T140059Z.xml
NL,2026-09-18,-355.2450,-294.1600,824.1475,-1473.5525,-112.5975,96,96,as-known,1,2026-09-19T09:40:11Z,5,2,nl/2026/09/score_NL_2026-09-18_20260919T094011Z.xml
NL,2026-09-19,-524.7100,12.8950,746.0350,-1257.8500,120.6675,96,96,as-known,1,2026-09-20T09:40:14Z,5,2,nl/2026/09/score_NL_2026-09-19_20260920T094014Z.xml
NL,2026-09-20,-369.1050,-503.4325,317.5575,-1190.0950,-189.9875,96,96,as-known,1,2026-09-21T09:40:06Z,5,2,nl/2026/09/score_NL_2026-09-20_20260921T094006Z.xml
NL,2026-09-21,-1848.1000,469.1150,743.0975,-2122.0825,-702.2200,96,96,as-known,1,2026-09-22T09:40:12Z,5,2,nl/2026/09/score_NL_2026-09-21_20260922T094012Z.xml
NL,2026-09-22,-1480.8200,533.4150,1234.6875,-2182.0925,431.0000,96,96,as-known,1,2026-09-23T09:40:12Z,5,2,nl/2026/09/score_NL_2026-09-22_20260923T094012Z.xml
NL,2026-09-23,-727.4725,249.8300,688.2800,-1165.9225,107.6550,96,96,as-known,1,2026-09-24T09:40:20Z,5,2,nl/2026/09/score_NL_2026-09-23_20260924T094020Z.xml
NL,2026-09-24,1316.5900,-2214.5975,2062.8800,-2960.8875,-1943.1125,96,96,as-known,1,2026-09-25T09:40:21Z,5,2,nl/2026/09/score_NL_2026-09-24_20260925T094021Z.xml
NL,2026-09-25,-814.3225,-33.8150,391.4750,-1239.6125,-24.6350,96,96,as-known,1,2026-09-26T09:40:16Z,5,2,nl/2026/09/score_NL_2026-09-25_20260926T094016Z.xml
NL,2026-09-26,-659.6475,-266.4675,383.0050,-1309.1200,-288.8450,96,96,as-known,1,2026-09-27T09:40:15Z,6,3,nl/2026/09/score_NL_2026-09-26_20260927T094015Z.xml
NL,2026-09-27,-676.8675,73.9225,533.3750,-1136.3200,-44.6200,96,96,as-known,1,2026-09-28T09:40:18Z,6,3,nl/2026/09/score_NL_2026-09-27_20260928T094018Z.xml
NL,2026-09-28,-627.2175,81.2675,732.8325,-1278.7825,-444.0950,96,96,as-known,1,2026-09-29T09:40:18Z,6,3,nl/2026/09/score_NL_2026-09-28_20260929T094018Z.xml
NL,2026-09-29,-3.7600,-657.6600,807.6200,-1469.0400,-137.3200,96,96,as-known,1,2026-09-30T09:40:24Z,6,3,nl/2026/09/score_NL_2026-09-29_20260930T094024Z.xml
NL,2026-09-30,-1066.1225,-125.8325,436.4500,-1628.4050,-102.5000,96,96,as-known,1,2026-10-01T09:40:24Z,6,3,nl/2026/09/score_NL_2026-09-30_20261001T094024Z.xml
NL,2026-10-01,-2019.4475,1073.4475,1813.6750,-2759.6750,-1303.3275,96,96,as-known,1,2026-10-02T09:40:33Z,6,3,nl/2026/10/score_NL_2026-10-01_20261002T094033Z.xml
NL,2026-10-02,-755.8000,-39.5900,322.5075,-1117.8975,-211.1450,96,96,as-known,1,2026-10-03T09:40:25Z,6,3,nl/2026/10/score_NL_2026-10-02_20261003T094025Z.xml
NL,2026-10-03,-894.9850,102.8225,627.9950,-1420.1575,-48.1950,96,96,as-known,1,2026-10-04T09:40:17Z,6,3,nl/2026/10/score_NL_2026-10-03_20261004T094017Z.xml
NL,2026-10-04,-1210.7575,676.3300,912.9175,-1447.3450,616.5100,96,96,as-known,1,2026-10-05T09:41:04Z,6,3,nl/2026/10/score_NL_2026-10-04_20261005T094104Z.xml
NL,2026-10-05,-1125.7050,536.0800,725.2000,-1314.8250,409.0725,96,96,as-known,1,2026-10-06T09:40:18Z,6,3,nl/2026/10/score_NL_2026-10-05_20261006T094018Z.xml
NL,2026-10-06,-153.2875,-1153.4475,407.7550,-1714.4900,-984.4875,96,96,as-known,1,2026-10-07T09:40:28Z,6,3,nl/2026/10/score_NL_2026-10-06_20261007T094028Z.xml
