zone,delivery_day,knownby_ts,ptu,ptu_buy,ptu_sell,ptu_no_action,data_through,skip_reason,schema_version,methodology_version,source_file
RO,2026-09-29,2026-09-28T09:40:14Z,96,32,60,4,2026-09-27T23:00:00Z,hour_incomplete:2026-09-25:IM,6,3,ro/2026/09/forecast_RO_2026-09-29_20260928T094014Z.xml
RO,2026-09-30,2026-09-29T09:40:15Z,96,40,56,0,2026-09-28T23:00:00Z,,6,3,ro/2026/09/forecast_RO_2026-09-30_20260929T094015Z.xml
RO,2026-10-01,2026-09-30T09:40:21Z,96,28,68,0,2026-09-29T23:00:00Z,,6,3,ro/2026/10/forecast_RO_2026-10-01_20260930T094021Z.xml
RO,2026-10-02,2026-10-01T09:40:22Z,96,36,60,0,2026-09-30T23:00:00Z,,6,3,ro/2026/10/forecast_RO_2026-10-02_20261001T094022Z.xml
RO,2026-10-03,2026-10-02T09:40:30Z,96,40,56,0,2026-10-01T23:00:00Z,,6,3,ro/2026/10/forecast_RO_2026-10-03_20261002T094030Z.xml
RO,2026-10-04,2026-10-03T09:40:23Z,96,16,80,0,2026-10-03T09:00:00Z,,6,3,ro/2026/10/forecast_RO_2026-10-04_20261003T094023Z.xml
RO,2026-10-05,2026-10-04T09:40:14Z,96,4,76,16,2026-10-03T18:00:00Z,hour_incomplete:2026-10-03:IM,6,3,ro/2026/10/forecast_RO_2026-10-05_20261004T094014Z.xml
RO,2026-10-06,2026-10-05T09:41:01Z,96,0,0,96,2026-10-03T18:00:00Z,"input_incomplete:2026-10-03,2026-10-04:IM",6,3,ro/2026/10/forecast_RO_2026-10-06_20261005T094101Z.xml
RO,2026-10-07,2026-10-06T09:40:15Z,96,0,0,96,2026-10-03T18:00:00Z,"input_incomplete:2026-10-03,2026-10-04,2026-10-05:IM",6,3,ro/2026/10/forecast_RO_2026-10-07_20261006T094015Z.xml
RO,2026-10-08,2026-10-07T09:40:25Z,96,0,0,96,2026-10-06T23:00:00Z,"input_incomplete:2026-10-04,2026-10-05,2026-10-06:IM",6,3,ro/2026/10/forecast_RO_2026-10-08_20261007T094025Z.xml
